Phase,Category,Feature Name,Story Points,Description,Priority
Phase 1: MVP Foundation,Infrastructure & Setup,React Native project setup,3,"Initialize project with TypeScript, navigation, and basic structure",High
Phase 1: MVP Foundation,Infrastructure & Setup,Backend project setup,3,"Node.js + Express + TypeScript configuration",High
Phase 1: MVP Foundation,Infrastructure & Setup,Database setup & Prisma,5,"PostgreSQL setup, Prisma schema, migrations",High
Phase 1: MVP Foundation,Infrastructure & Setup,Docker & local development,3,"Docker Compose for local PostgreSQL and Redis",High
Phase 1: MVP Foundation,Infrastructure & Setup,CI/CD pipeline setup,5,"GitHub Actions for testing and deployment",Medium
Phase 1: MVP Foundation,Infrastructure & Setup,Environment configuration,2,"Environment variables and config management",High
Phase 1: MVP Foundation,Authentication System,User registration API,3,"Email/password registration with validation",High
Phase 1: MVP Foundation,Authentication System,User login API,3,"JWT token generation and validation",High
Phase 1: MVP Foundation,Authentication System,Password reset flow,3,"Forgot password email and reset token",Medium
Phase 1: MVP Foundation,Authentication System,Mobile auth screens,3,"Login, Register, Forgot Password UI",High
Phase 1: MVP Foundation,Authentication System,Token refresh mechanism,1,"Refresh token implementation",Medium
Phase 1: MVP Foundation,Core UI Components,Design system setup,3,"Tailwind/NativeWind configuration, theme setup",High
Phase 1: MVP Foundation,Core UI Components,Common components,5,"Button, Input, Modal, Loading, Card components",High
Phase 1: MVP Foundation,Core UI Components,Navigation structure,3,"App navigator, auth navigator, tab navigator",High
Phase 1: MVP Foundation,Core UI Components,Responsive layouts,2,"Mobile-first responsive design",High
Phase 1: MVP Foundation,Poll Creation,Poll creation API,5,"POST /api/polls with validation",High
Phase 1: MVP Foundation,Poll Creation,Poll creation UI,5,"Form for question, options, settings",High
Phase 1: MVP Foundation,Poll Creation,Poll options management,3,"Add/remove/edit poll options with emojis",High
Phase 1: MVP Foundation,Poll Creation,Poll settings UI,3,"Deadline, visibility, restrictions settings",High
Phase 1: MVP Foundation,Poll Creation,Poll validation,3,"Frontend and backend validation",High
Phase 1: MVP Foundation,Poll Creation,Share URL generation,2,"Unique URL generation for polls",High
Phase 1: MVP Foundation,Voting Engine,Vote casting API,5,"POST /api/polls/:id/vote with duplicate prevention",High
Phase 1: MVP Foundation,Voting Engine,Vote validation logic,5,"IP, session, device, user-based restrictions",High
Phase 1: MVP Foundation,Voting Engine,Voting UI screens,3,"Poll detail screen, vote selection interface",High
Phase 1: MVP Foundation,Poll Display & Results,Poll detail screen,3,"Display poll with options and metadata",High
Phase 1: MVP Foundation,Poll Display & Results,Results display,3,"Show vote counts and percentages",High
Phase 1: MVP Foundation,Poll Display & Results,Poll status management,2,"Active/closed poll states",High
Phase 1: MVP Foundation,Real-time Features,Socket.io server setup,3,"WebSocket server configuration",High
Phase 1: MVP Foundation,Real-time Features,Real-time vote updates,5,"Live vote broadcasting via Socket.io",High
Phase 1: MVP Foundation,Real-time Features,Client socket integration,3,"Mobile app Socket.io client setup",High
Phase 1: MVP Foundation,Real-time Features,Connection management,2,"Join/leave poll rooms, reconnection handling",High
Phase 1: MVP Foundation,Charts & Visualization,Chart library integration,2,"Victory Native or FL Chart setup",High
Phase 1: MVP Foundation,Charts & Visualization,Bar chart component,3,"Real-time bar chart for poll results",High
Phase 1: MVP Foundation,Charts & Visualization,Pie chart component,3,"Alternative pie chart visualization",Medium
Phase 1: MVP Foundation,Sharing Features,Share URL copy,1,"Copy poll link to clipboard",High
Phase 1: MVP Foundation,Sharing Features,QR code generation,2,"Generate QR code for poll link",Medium
Phase 1: MVP Foundation,Sharing Features,Social sharing,2,"Native share functionality",Medium
Phase 1: MVP Foundation,Testing & Quality,Unit tests (critical functions),3,"Vote validation, poll creation tests",Medium
Phase 1: MVP Foundation,Testing & Quality,Integration tests,3,"API endpoint testing",Medium
Phase 1: MVP Foundation,Testing & Quality,Bug fixes & optimization,2,"Performance improvements",Medium
Phase 1: MVP Foundation,Deployment,Backend deployment,3,"Production server setup",High
Phase 1: MVP Foundation,Deployment,Mobile app build setup,2,"iOS/Android build configuration",High
Phase 2: Enhanced Features,User Dashboard,Dashboard screen UI,5,"User dashboard with poll overview",High
Phase 2: Enhanced Features,User Dashboard,My polls list,3,"Display all user-created polls",High
Phase 2: Enhanced Features,User Dashboard,Poll statistics display,3,"View count, vote count, participation rate",High
Phase 2: Enhanced Features,User Dashboard,Dashboard navigation,2,"Navigation to poll management",High
Phase 2: Enhanced Features,Poll Management,Edit poll API,3,"PUT /api/polls/:id endpoint",High
Phase 2: Enhanced Features,Poll Management,Edit poll UI,3,"Edit poll form and validation",High
Phase 2: Enhanced Features,Poll Management,Delete poll functionality,2,"Delete poll API and UI",High
Phase 2: Enhanced Features,Poll Management,Poll analytics view,5,"Detailed analytics for individual polls",Medium
Phase 2: Enhanced Features,User Profile,Profile screen,3,"Display user information",Medium
Phase 2: Enhanced Features,User Profile,Profile edit API,2,"PUT /api/user/profile",Medium
Phase 2: Enhanced Features,User Profile,Profile edit UI,3,"Edit profile form",Medium
Phase 2: Enhanced Features,Export Functionality,CSV export API,3,"Generate CSV from poll results",High
Phase 2: Enhanced Features,Export Functionality,Excel export API,5,"Generate Excel file with formatting",High
Phase 2: Enhanced Features,Export Functionality,Export UI,3,"Export button and file download",High
Phase 2: Enhanced Features,Export Functionality,Export file handling,2,"File storage and download management",High
Phase 2: Enhanced Features,Analytics Dashboard,Analytics API,3,"Aggregate poll statistics",Medium
Phase 2: Enhanced Features,Analytics Dashboard,Analytics UI,3,"Charts and metrics display",Medium
Phase 2: Enhanced Features,Analytics Dashboard,Analytics data processing,2,"Data aggregation and calculations",Medium
Phase 2: Enhanced Features,Admin Panel,Admin dashboard UI,5,"Admin overview with key metrics",High
Phase 2: Enhanced Features,Admin Panel,Report moderation system,5,"View, review, and resolve reports",High
Phase 2: Enhanced Features,Admin Panel,Content management,5,"Delete polls, manage content",High
Phase 2: Enhanced Features,Admin Panel,User management,3,"Ban/unban users, view user details",High
Phase 2: Enhanced Features,Admin Panel,Admin authentication,3,"Role-based access control for admin",High
Phase 3: Polish & Scale,Security Enhancements,CAPTCHA integration,5,"Google reCAPTCHA for vote protection",High
Phase 3: Polish & Scale,Security Enhancements,Rate limiting,3,"API rate limiting middleware",High
Phase 3: Polish & Scale,Security Enhancements,Security audit,3,"Security review and fixes",High
Phase 3: Polish & Scale,Security Enhancements,Input sanitization,2,"XSS and injection prevention",High
Phase 3: Polish & Scale,Performance Optimization,Database query optimization,3,"Index optimization, query tuning",Medium
Phase 3: Polish & Scale,Performance Optimization,Caching strategies,3,"Redis caching for frequently accessed data",Medium
Phase 3: Polish & Scale,Performance Optimization,API response optimization,2,"Response time improvements",Medium
Phase 3: Polish & Scale,UI/UX Refinements,UI polish,3,"Design improvements, animations",Medium
Phase 3: Polish & Scale,UI/UX Refinements,Accessibility improvements,2,"Screen reader support, accessibility features",Low
Phase 3: Polish & Scale,Testing & Documentation,Comprehensive testing,2,"Full test coverage",Medium
Phase 3: Polish & Scale,Testing & Documentation,API documentation,2,"API endpoint documentation",Medium
Phase 3: Polish & Scale,Testing & Documentation,User documentation,1,"User guide and help docs",Low
Phase 3: Polish & Scale,Production Deployment,Production deployment,2,"Final production setup",High
Phase 3: Polish & Scale,Production Deployment,Monitoring setup,1,"Error tracking and monitoring tools",High
